filename,width,height,class,xmin,ymin,xmax,ymax
16_jpg.rf.0c102c1a5196d786af8997aaece87073.jpg,640,640,Emblem,309,24,377,165
16_jpg.rf.0c102c1a5196d786af8997aaece87073.jpg,640,640,Income Logo,17,98,286,155
16_jpg.rf.0c102c1a5196d786af8997aaece87073.jpg,640,640,Name,25,165,199,215
16_jpg.rf.0c102c1a5196d786af8997aaece87073.jpg,640,640,Pan Number,27,434,201,487
16_jpg.rf.0c102c1a5196d786af8997aaece87073.jpg,640,640,DOB,23,340,158,383
92_jpg.rf.0d5549c31086c1a7a2f10ae6603157e2.jpg,640,640,Emblem,308,33,374,170
92_jpg.rf.0d5549c31086c1a7a2f10ae6603157e2.jpg,640,640,Name,8,183,137,217
92_jpg.rf.0d5549c31086c1a7a2f10ae6603157e2.jpg,640,640,Pan Number,11,441,188,481
92_jpg.rf.0d5549c31086c1a7a2f10ae6603157e2.jpg,640,640,DOB,14,324,154,363
92_jpg.rf.0d5549c31086c1a7a2f10ae6603157e2.jpg,640,640,Income Logo,15,104,267,159
46_jpg.rf.14a12471b199af2a366c80ab97014dc1.jpg,640,640,Emblem,312,33,371,168
46_jpg.rf.14a12471b199af2a366c80ab97014dc1.jpg,640,640,Pan Number,208,279,369,325
46_jpg.rf.14a12471b199af2a366c80ab97014dc1.jpg,640,640,Name,29,393,156,429
46_jpg.rf.14a12471b199af2a366c80ab97014dc1.jpg,640,640,DOB,29,593,130,626
46_jpg.rf.14a12471b199af2a366c80ab97014dc1.jpg,640,640,Income Logo,22,100,276,167
100_jpg.rf.2d0adc37597adb75cb95a30d5ffe2f39.jpg,640,640,Emblem,305,19,390,161
100_jpg.rf.2d0adc37597adb75cb95a30d5ffe2f39.jpg,640,640,Name,40,161,171,204
100_jpg.rf.2d0adc37597adb75cb95a30d5ffe2f39.jpg,640,640,DOB,43,306,172,356
100_jpg.rf.2d0adc37597adb75cb95a30d5ffe2f39.jpg,640,640,Pan Number,36,411,213,455
100_jpg.rf.2d0adc37597adb75cb95a30d5ffe2f39.jpg,640,640,Income Logo,13,85,282,152
36_jpg.rf.0eb477becfb5dc08333cfdf11e0b6188.jpg,640,640,Emblem,292,20,363,146
36_jpg.rf.0eb477becfb5dc08333cfdf11e0b6188.jpg,640,640,Income Logo,21,91,264,153
36_jpg.rf.0eb477becfb5dc08333cfdf11e0b6188.jpg,640,640,Name,23,176,193,223
36_jpg.rf.0eb477becfb5dc08333cfdf11e0b6188.jpg,640,640,DOB,22,335,149,370
36_jpg.rf.0eb477becfb5dc08333cfdf11e0b6188.jpg,640,640,Pan Number,19,415,205,471
22_jpg.rf.07f303cdfac245125569749cf76d42a5.jpg,640,640,Emblem,319,42,383,184
22_jpg.rf.07f303cdfac245125569749cf76d42a5.jpg,640,640,Income Logo,13,106,287,165
22_jpg.rf.07f303cdfac245125569749cf76d42a5.jpg,640,640,Name,16,174,202,222
22_jpg.rf.07f303cdfac245125569749cf76d42a5.jpg,640,640,DOB,24,328,163,384
22_jpg.rf.07f303cdfac245125569749cf76d42a5.jpg,640,640,Pan Number,30,419,188,474
94_jpg.rf.170a579361abb4598533028916043f05.jpg,640,640,Emblem,309,54,371,195
94_jpg.rf.170a579361abb4598533028916043f05.jpg,640,640,Name,28,184,181,239
94_jpg.rf.170a579361abb4598533028916043f05.jpg,640,640,DOB,31,341,171,385
94_jpg.rf.170a579361abb4598533028916043f05.jpg,640,640,Pan Number,29,435,203,481
94_jpg.rf.170a579361abb4598533028916043f05.jpg,640,640,Income Logo,23,119,274,171
84_jpg.rf.2529ebf44597a694873fe7802656b964.jpg,640,640,Emblem,295,13,385,175
84_jpg.rf.2529ebf44597a694873fe7802656b964.jpg,640,640,Income Logo,0,68,272,154
84_jpg.rf.2529ebf44597a694873fe7802656b964.jpg,640,640,Name,9,176,124,237
84_jpg.rf.2529ebf44597a694873fe7802656b964.jpg,640,640,DOB,11,343,150,384
84_jpg.rf.2529ebf44597a694873fe7802656b964.jpg,640,640,Pan Number,5,430,184,483
67_jpg.rf.0d5abd98bb175121a67324474d9c1c4b.jpg,640,640,Emblem,302,48,385,180
67_jpg.rf.0d5abd98bb175121a67324474d9c1c4b.jpg,640,640,Income Logo,10,105,279,163
67_jpg.rf.0d5abd98bb175121a67324474d9c1c4b.jpg,640,640,Name,23,190,197,242
67_jpg.rf.0d5abd98bb175121a67324474d9c1c4b.jpg,640,640,DOB,19,343,154,382
67_jpg.rf.0d5abd98bb175121a67324474d9c1c4b.jpg,640,640,Pan Number,19,440,200,493
102_jpg.rf.2cc938a3ced6b3f396698bf46a5984ee.jpg,640,640,Emblem,312,9,371,148
102_jpg.rf.2cc938a3ced6b3f396698bf46a5984ee.jpg,640,640,Income Logo,17,73,274,134
102_jpg.rf.2cc938a3ced6b3f396698bf46a5984ee.jpg,640,640,Name,31,147,253,197
102_jpg.rf.2cc938a3ced6b3f396698bf46a5984ee.jpg,640,640,DOB,33,305,174,356
102_jpg.rf.2cc938a3ced6b3f396698bf46a5984ee.jpg,640,640,Pan Number,29,409,194,459
47_jpg.rf.1c2269462d6c83fd4ceedbfc2c0055c7.jpg,640,640,Emblem,311,47,374,169
47_jpg.rf.1c2269462d6c83fd4ceedbfc2c0055c7.jpg,640,640,Name,26,173,166,216
47_jpg.rf.1c2269462d6c83fd4ceedbfc2c0055c7.jpg,640,640,DOB,25,319,138,367
47_jpg.rf.1c2269462d6c83fd4ceedbfc2c0055c7.jpg,640,640,Pan Number,24,430,179,473
47_jpg.rf.1c2269462d6c83fd4ceedbfc2c0055c7.jpg,640,640,Income Logo,18,112,282,171
61_jpg.rf.29587bd36ecc3622979028512a5ec533.jpg,640,640,Emblem,298,9,363,152
61_jpg.rf.29587bd36ecc3622979028512a5ec533.jpg,640,640,Income Logo,7,91,273,147
61_jpg.rf.29587bd36ecc3622979028512a5ec533.jpg,640,640,Name,9,366,251,400
61_jpg.rf.29587bd36ecc3622979028512a5ec533.jpg,640,640,DOB,7,565,132,605
61_jpg.rf.29587bd36ecc3622979028512a5ec533.jpg,640,640,Pan Number,222,262,402,312
63_jpg.rf.126256736c1c84196674efded39f38a5.jpg,640,640,Income Logo,42,105,296,158
63_jpg.rf.126256736c1c84196674efded39f38a5.jpg,640,640,Name,41,347,330,391
63_jpg.rf.126256736c1c84196674efded39f38a5.jpg,640,640,DOB,42,539,171,578
63_jpg.rf.126256736c1c84196674efded39f38a5.jpg,640,640,Pan Number,257,269,415,306
63_jpg.rf.126256736c1c84196674efded39f38a5.jpg,640,640,Emblem,318,43,385,173
29_jpg.rf.0ed3a8ca89a53640c915950ada466d6f.jpg,640,640,Emblem,305,30,372,165
29_jpg.rf.0ed3a8ca89a53640c915950ada466d6f.jpg,640,640,Income Logo,24,100,276,154
29_jpg.rf.0ed3a8ca89a53640c915950ada466d6f.jpg,640,640,Name,26,372,166,409
29_jpg.rf.0ed3a8ca89a53640c915950ada466d6f.jpg,640,640,Pan Number,228,280,399,332
29_jpg.rf.0ed3a8ca89a53640c915950ada466d6f.jpg,640,640,DOB,14,561,143,608
29_jpg.rf.2dba6443967181376bbbbfbab66cde1e.jpg,640,640,Emblem,305,30,372,165
29_jpg.rf.2dba6443967181376bbbbfbab66cde1e.jpg,640,640,Income Logo,24,100,276,154
29_jpg.rf.2dba6443967181376bbbbfbab66cde1e.jpg,640,640,Name,26,372,166,409
29_jpg.rf.2dba6443967181376bbbbfbab66cde1e.jpg,640,640,Pan Number,228,280,399,332
29_jpg.rf.2dba6443967181376bbbbfbab66cde1e.jpg,640,640,DOB,14,561,143,608
1_jpg.rf.3839059e923dbb1c901daf3acd1ff97a.jpg,640,640,Emblem,322,37,386,161
1_jpg.rf.3839059e923dbb1c901daf3acd1ff97a.jpg,640,640,Pan Number,241,275,427,316
1_jpg.rf.3839059e923dbb1c901daf3acd1ff97a.jpg,640,640,Name,25,362,244,399
1_jpg.rf.3839059e923dbb1c901daf3acd1ff97a.jpg,640,640,DOB,33,549,158,584
1_jpg.rf.3839059e923dbb1c901daf3acd1ff97a.jpg,640,640,Income Logo,27,104,292,150
23_jpg.rf.397c833b3fe7b1908d6f2fc7ca998447.jpg,640,640,Emblem,312,38,383,174
23_jpg.rf.397c833b3fe7b1908d6f2fc7ca998447.jpg,640,640,Income Logo,22,106,288,162
23_jpg.rf.397c833b3fe7b1908d6f2fc7ca998447.jpg,640,640,Name,44,179,333,231
23_jpg.rf.397c833b3fe7b1908d6f2fc7ca998447.jpg,640,640,DOB,44,342,199,382
23_jpg.rf.397c833b3fe7b1908d6f2fc7ca998447.jpg,640,640,Pan Number,46,425,210,478
67_jpg.rf.3d20867ad29ffeec768b646b0d13285e.jpg,640,640,Emblem,302,48,385,180
67_jpg.rf.3d20867ad29ffeec768b646b0d13285e.jpg,640,640,Income Logo,10,105,279,163
67_jpg.rf.3d20867ad29ffeec768b646b0d13285e.jpg,640,640,Name,23,190,197,242
67_jpg.rf.3d20867ad29ffeec768b646b0d13285e.jpg,640,640,DOB,19,343,154,382
67_jpg.rf.3d20867ad29ffeec768b646b0d13285e.jpg,640,640,Pan Number,19,440,200,493
23_jpg.rf.3a94dac8993f339d14890ace38902bcf.jpg,640,640,Emblem,312,38,383,174
23_jpg.rf.3a94dac8993f339d14890ace38902bcf.jpg,640,640,Income Logo,22,106,288,162
23_jpg.rf.3a94dac8993f339d14890ace38902bcf.jpg,640,640,Name,44,179,333,231
23_jpg.rf.3a94dac8993f339d14890ace38902bcf.jpg,640,640,DOB,44,342,199,382
23_jpg.rf.3a94dac8993f339d14890ace38902bcf.jpg,640,640,Pan Number,46,425,210,478
101_jpg.rf.3f3e9ba841cc35eb642f355cf9323551.jpg,640,640,Emblem,305,32,369,174
101_jpg.rf.3f3e9ba841cc35eb642f355cf9323551.jpg,640,640,Income Logo,17,106,276,156
101_jpg.rf.3f3e9ba841cc35eb642f355cf9323551.jpg,640,640,Name,26,166,213,210
101_jpg.rf.3f3e9ba841cc35eb642f355cf9323551.jpg,640,640,DOB,31,338,149,386
101_jpg.rf.3f3e9ba841cc35eb642f355cf9323551.jpg,640,640,Pan Number,27,418,187,454
28_jpg.rf.3fde32f880e23a1db5d3a2f769d0f0c8.jpg,640,640,Emblem,315,19,375,162
28_jpg.rf.3fde32f880e23a1db5d3a2f769d0f0c8.jpg,640,640,Income Logo,17,92,282,146
28_jpg.rf.3fde32f880e23a1db5d3a2f769d0f0c8.jpg,640,640,Name,13,182,214,242
28_jpg.rf.3fde32f880e23a1db5d3a2f769d0f0c8.jpg,640,640,DOB,18,324,145,371
28_jpg.rf.3fde32f880e23a1db5d3a2f769d0f0c8.jpg,640,640,Pan Number,19,406,204,461
24_jpg.rf.3e370a79b31ffe5abe1cf504ce0005de.jpg,640,640,Emblem,323,34,390,160
24_jpg.rf.3e370a79b31ffe5abe1cf504ce0005de.jpg,640,640,Income Logo,34,90,293,151
24_jpg.rf.3e370a79b31ffe5abe1cf504ce0005de.jpg,640,640,Name,35,327,157,371
24_jpg.rf.3e370a79b31ffe5abe1cf504ce0005de.jpg,640,640,Pan Number,253,248,426,313
24_jpg.rf.3e370a79b31ffe5abe1cf504ce0005de.jpg,640,640,DOB,24,521,172,575
22_jpg.rf.42049e9a65dda201304c6aa36a97fb11.jpg,640,640,Emblem,319,42,383,184
22_jpg.rf.42049e9a65dda201304c6aa36a97fb11.jpg,640,640,Income Logo,13,106,287,165
22_jpg.rf.42049e9a65dda201304c6aa36a97fb11.jpg,640,640,Name,16,174,202,222
22_jpg.rf.42049e9a65dda201304c6aa36a97fb11.jpg,640,640,DOB,24,328,163,384
22_jpg.rf.42049e9a65dda201304c6aa36a97fb11.jpg,640,640,Pan Number,30,419,188,474
44_jpg.rf.69aff68097c8fe1274eb39c34b2571ae.jpg,640,640,Income Logo,22,103,279,152
44_jpg.rf.69aff68097c8fe1274eb39c34b2571ae.jpg,640,640,Emblem,304,30,367,158
44_jpg.rf.69aff68097c8fe1274eb39c34b2571ae.jpg,640,640,Pan Number,227,263,352,301
44_jpg.rf.69aff68097c8fe1274eb39c34b2571ae.jpg,640,640,Name,24,391,125,427
44_jpg.rf.69aff68097c8fe1274eb39c34b2571ae.jpg,640,640,DOB,24,584,103,622
67_jpg.rf.6d4d282bfc6a6ecf0f6d43765e695f35.jpg,640,640,Emblem,302,48,385,180
67_jpg.rf.6d4d282bfc6a6ecf0f6d43765e695f35.jpg,640,640,Income Logo,10,105,279,163
67_jpg.rf.6d4d282bfc6a6ecf0f6d43765e695f35.jpg,640,640,Name,23,190,197,242
67_jpg.rf.6d4d282bfc6a6ecf0f6d43765e695f35.jpg,640,640,DOB,19,343,154,382
67_jpg.rf.6d4d282bfc6a6ecf0f6d43765e695f35.jpg,640,640,Pan Number,19,440,200,493
19_jpg.rf.4dd096db53f735f7cf3a435f9ebc9c0c.jpg,640,640,Emblem,327,38,382,167
19_jpg.rf.4dd096db53f735f7cf3a435f9ebc9c0c.jpg,640,640,Pan Number,216,250,371,300
19_jpg.rf.4dd096db53f735f7cf3a435f9ebc9c0c.jpg,640,640,Name,38,349,257,403
19_jpg.rf.4dd096db53f735f7cf3a435f9ebc9c0c.jpg,640,640,DOB,30,576,165,631
19_jpg.rf.4dd096db53f735f7cf3a435f9ebc9c0c.jpg,640,640,Income Logo,48,86,295,141
23_jpg.rf.336f184d633662c7bdccf57c7b5093d2.jpg,640,640,Emblem,312,38,383,174
23_jpg.rf.336f184d633662c7bdccf57c7b5093d2.jpg,640,640,Income Logo,22,106,288,162
23_jpg.rf.336f184d633662c7bdccf57c7b5093d2.jpg,640,640,Name,44,179,333,231
23_jpg.rf.336f184d633662c7bdccf57c7b5093d2.jpg,640,640,DOB,44,342,199,382
23_jpg.rf.336f184d633662c7bdccf57c7b5093d2.jpg,640,640,Pan Number,46,425,210,478
53_jpg.rf.561c8106d3ebacd6ac1a4f16785dc0db.jpg,640,640,Emblem,305,20,379,167
53_jpg.rf.561c8106d3ebacd6ac1a4f16785dc0db.jpg,640,640,Name,21,385,186,421
53_jpg.rf.561c8106d3ebacd6ac1a4f16785dc0db.jpg,640,640,Income Logo,23,100,276,155
53_jpg.rf.561c8106d3ebacd6ac1a4f16785dc0db.jpg,640,640,DOB,26,583,119,616
53_jpg.rf.561c8106d3ebacd6ac1a4f16785dc0db.jpg,640,640,Pan Number,228,254,360,297
84_jpg.rf.8522cdbf5bbade809042f623c9392672.jpg,640,640,Emblem,295,13,385,175
84_jpg.rf.8522cdbf5bbade809042f623c9392672.jpg,640,640,Income Logo,0,68,272,154
84_jpg.rf.8522cdbf5bbade809042f623c9392672.jpg,640,640,Name,9,176,124,237
84_jpg.rf.8522cdbf5bbade809042f623c9392672.jpg,640,640,DOB,11,343,150,384
84_jpg.rf.8522cdbf5bbade809042f623c9392672.jpg,640,640,Pan Number,5,430,184,483
102_jpg.rf.6e2577062af4a3ac8997d383420324a7.jpg,640,640,Emblem,312,9,371,148
102_jpg.rf.6e2577062af4a3ac8997d383420324a7.jpg,640,640,Income Logo,17,73,274,134
102_jpg.rf.6e2577062af4a3ac8997d383420324a7.jpg,640,640,Name,31,147,253,197
102_jpg.rf.6e2577062af4a3ac8997d383420324a7.jpg,640,640,DOB,33,305,174,356
102_jpg.rf.6e2577062af4a3ac8997d383420324a7.jpg,640,640,Pan Number,29,409,194,459
46_jpg.rf.6f24389e0f0a29d1c372bbab6a1368da.jpg,640,640,Emblem,312,33,371,168
46_jpg.rf.6f24389e0f0a29d1c372bbab6a1368da.jpg,640,640,Pan Number,208,279,369,325
46_jpg.rf.6f24389e0f0a29d1c372bbab6a1368da.jpg,640,640,Name,29,393,156,429
46_jpg.rf.6f24389e0f0a29d1c372bbab6a1368da.jpg,640,640,DOB,29,593,130,626
46_jpg.rf.6f24389e0f0a29d1c372bbab6a1368da.jpg,640,640,Income Logo,22,100,276,167
53_jpg.rf.6de59d7c6e301012b3798e5efbdc4e23.jpg,640,640,Emblem,305,20,379,167
53_jpg.rf.6de59d7c6e301012b3798e5efbdc4e23.jpg,640,640,Name,21,385,186,421
53_jpg.rf.6de59d7c6e301012b3798e5efbdc4e23.jpg,640,640,Income Logo,23,100,276,155
53_jpg.rf.6de59d7c6e301012b3798e5efbdc4e23.jpg,640,640,DOB,26,583,119,616
53_jpg.rf.6de59d7c6e301012b3798e5efbdc4e23.jpg,640,640,Pan Number,228,254,360,297
60_jpg.rf.8059e6e346b94ef541afcaf243ab5283.jpg,640,640,Emblem,304,36,367,178
60_jpg.rf.8059e6e346b94ef541afcaf243ab5283.jpg,640,640,Name,34,165,203,220
60_jpg.rf.8059e6e346b94ef541afcaf243ab5283.jpg,640,640,Income Logo,12,96,271,155
60_jpg.rf.8059e6e346b94ef541afcaf243ab5283.jpg,640,640,Pan Number,34,414,186,458
60_jpg.rf.8059e6e346b94ef541afcaf243ab5283.jpg,640,640,DOB,25,331,167,376
97_jpg.rf.894070cb13275046df3361d351ca646b.jpg,640,640,Income Logo,40,109,281,163
97_jpg.rf.894070cb13275046df3361d351ca646b.jpg,640,640,Pan Number,239,272,417,323
97_jpg.rf.894070cb13275046df3361d351ca646b.jpg,640,640,Name,42,355,297,385
97_jpg.rf.894070cb13275046df3361d351ca646b.jpg,640,640,Emblem,318,34,379,174
97_jpg.rf.894070cb13275046df3361d351ca646b.jpg,640,640,DOB,43,538,161,578
46_jpg.rf.934f944ac826c8b86f6c9be706bcdc8e.jpg,640,640,Emblem,312,33,371,168
46_jpg.rf.934f944ac826c8b86f6c9be706bcdc8e.jpg,640,640,Pan Number,208,279,369,325
46_jpg.rf.934f944ac826c8b86f6c9be706bcdc8e.jpg,640,640,Name,29,393,156,429
46_jpg.rf.934f944ac826c8b86f6c9be706bcdc8e.jpg,640,640,DOB,29,593,130,626
46_jpg.rf.934f944ac826c8b86f6c9be706bcdc8e.jpg,640,640,Income Logo,22,100,276,167
44_jpg.rf.91eee05ec8ccfab2e58d7ab9f10cc27e.jpg,640,640,Income Logo,22,103,279,152
44_jpg.rf.91eee05ec8ccfab2e58d7ab9f10cc27e.jpg,640,640,Emblem,304,30,367,158
44_jpg.rf.91eee05ec8ccfab2e58d7ab9f10cc27e.jpg,640,640,Pan Number,227,263,352,301
44_jpg.rf.91eee05ec8ccfab2e58d7ab9f10cc27e.jpg,640,640,Name,24,391,125,427
44_jpg.rf.91eee05ec8ccfab2e58d7ab9f10cc27e.jpg,640,640,DOB,24,584,103,622
45_jpg.rf.9ee6f8c886d7a57e213752c3ebb47c03.jpg,640,640,Pan Number,201,258,366,303
45_jpg.rf.9ee6f8c886d7a57e213752c3ebb47c03.jpg,640,640,Emblem,308,39,369,165
45_jpg.rf.9ee6f8c886d7a57e213752c3ebb47c03.jpg,640,640,Income Logo,33,102,272,154
45_jpg.rf.9ee6f8c886d7a57e213752c3ebb47c03.jpg,640,640,Name,23,363,164,403
45_jpg.rf.9ee6f8c886d7a57e213752c3ebb47c03.jpg,640,640,DOB,24,552,109,585
1_jpg.rf.9099695cbe856cf33524cb423727223e.jpg,640,640,Emblem,322,37,386,161
1_jpg.rf.9099695cbe856cf33524cb423727223e.jpg,640,640,Pan Number,241,275,427,316
1_jpg.rf.9099695cbe856cf33524cb423727223e.jpg,640,640,Name,25,362,244,399
1_jpg.rf.9099695cbe856cf33524cb423727223e.jpg,640,640,DOB,33,549,158,584
1_jpg.rf.9099695cbe856cf33524cb423727223e.jpg,640,640,Income Logo,27,104,292,150
1_jpg.rf.a7cba5d441ff756bbdb25a06b3d6f92f.jpg,640,640,Emblem,322,37,386,161
1_jpg.rf.a7cba5d441ff756bbdb25a06b3d6f92f.jpg,640,640,Pan Number,241,275,427,316
1_jpg.rf.a7cba5d441ff756bbdb25a06b3d6f92f.jpg,640,640,Name,25,362,244,399
1_jpg.rf.a7cba5d441ff756bbdb25a06b3d6f92f.jpg,640,640,DOB,33,549,158,584
1_jpg.rf.a7cba5d441ff756bbdb25a06b3d6f92f.jpg,640,640,Income Logo,27,104,292,150
92_jpg.rf.a17cf44e77a2b1349e406336ec24c6f6.jpg,640,640,Emblem,308,33,374,170
92_jpg.rf.a17cf44e77a2b1349e406336ec24c6f6.jpg,640,640,Name,8,183,137,217
92_jpg.rf.a17cf44e77a2b1349e406336ec24c6f6.jpg,640,640,Pan Number,11,441,188,481
92_jpg.rf.a17cf44e77a2b1349e406336ec24c6f6.jpg,640,640,DOB,14,324,154,363
92_jpg.rf.a17cf44e77a2b1349e406336ec24c6f6.jpg,640,640,Income Logo,15,104,267,159
24_jpg.rf.95a61e1eeb7eb8259c2975b3469510a8.jpg,640,640,Emblem,323,34,390,160
24_jpg.rf.95a61e1eeb7eb8259c2975b3469510a8.jpg,640,640,Income Logo,34,90,293,151
24_jpg.rf.95a61e1eeb7eb8259c2975b3469510a8.jpg,640,640,Name,35,327,157,371
24_jpg.rf.95a61e1eeb7eb8259c2975b3469510a8.jpg,640,640,Pan Number,253,248,426,313
24_jpg.rf.95a61e1eeb7eb8259c2975b3469510a8.jpg,640,640,DOB,24,521,172,575
100_jpg.rf.96da05c0bbba95cf508282c6683c1903.jpg,640,640,Emblem,305,19,390,161
100_jpg.rf.96da05c0bbba95cf508282c6683c1903.jpg,640,640,Name,40,161,171,204
100_jpg.rf.96da05c0bbba95cf508282c6683c1903.jpg,640,640,DOB,43,306,172,356
100_jpg.rf.96da05c0bbba95cf508282c6683c1903.jpg,640,640,Pan Number,36,411,213,455
100_jpg.rf.96da05c0bbba95cf508282c6683c1903.jpg,640,640,Income Logo,13,85,282,152
47_jpg.rf.aad3663557a672d7438d4ab506581182.jpg,640,640,Emblem,311,47,374,169
47_jpg.rf.aad3663557a672d7438d4ab506581182.jpg,640,640,Name,26,173,166,216
47_jpg.rf.aad3663557a672d7438d4ab506581182.jpg,640,640,DOB,25,319,138,367
47_jpg.rf.aad3663557a672d7438d4ab506581182.jpg,640,640,Pan Number,24,430,179,473
47_jpg.rf.aad3663557a672d7438d4ab506581182.jpg,640,640,Income Logo,18,112,282,171
84_jpg.rf.91e10609215d36053b793e3148476d51.jpg,640,640,Emblem,295,13,385,175
84_jpg.rf.91e10609215d36053b793e3148476d51.jpg,640,640,Income Logo,0,68,272,154
84_jpg.rf.91e10609215d36053b793e3148476d51.jpg,640,640,Name,9,176,124,237
84_jpg.rf.91e10609215d36053b793e3148476d51.jpg,640,640,DOB,11,343,150,384
84_jpg.rf.91e10609215d36053b793e3148476d51.jpg,640,640,Pan Number,5,430,184,483
97_jpg.rf.ab1204f970f4787da798baea812e003d.jpg,640,640,Income Logo,40,109,281,163
97_jpg.rf.ab1204f970f4787da798baea812e003d.jpg,640,640,Pan Number,239,272,417,323
97_jpg.rf.ab1204f970f4787da798baea812e003d.jpg,640,640,Name,42,355,297,385
97_jpg.rf.ab1204f970f4787da798baea812e003d.jpg,640,640,Emblem,318,34,379,174
97_jpg.rf.ab1204f970f4787da798baea812e003d.jpg,640,640,DOB,43,538,161,578
97_jpg.rf.93a24f2e50098524b369d804780cb38d.jpg,640,640,Income Logo,40,109,281,163
97_jpg.rf.93a24f2e50098524b369d804780cb38d.jpg,640,640,Pan Number,239,272,417,323
97_jpg.rf.93a24f2e50098524b369d804780cb38d.jpg,640,640,Name,42,355,297,385
97_jpg.rf.93a24f2e50098524b369d804780cb38d.jpg,640,640,Emblem,318,34,379,174
97_jpg.rf.93a24f2e50098524b369d804780cb38d.jpg,640,640,DOB,43,538,161,578
19_jpg.rf.c2e52337a15c925d5c7d4bea9f9d0aa8.jpg,640,640,Emblem,327,38,382,167
19_jpg.rf.c2e52337a15c925d5c7d4bea9f9d0aa8.jpg,640,640,Pan Number,216,250,371,300
19_jpg.rf.c2e52337a15c925d5c7d4bea9f9d0aa8.jpg,640,640,Name,38,349,257,403
19_jpg.rf.c2e52337a15c925d5c7d4bea9f9d0aa8.jpg,640,640,DOB,30,576,165,631
19_jpg.rf.c2e52337a15c925d5c7d4bea9f9d0aa8.jpg,640,640,Income Logo,48,86,295,141
28_jpg.rf.b9a2ce7fe73567e271c1b4beb6147e51.jpg,640,640,Emblem,315,19,375,162
28_jpg.rf.b9a2ce7fe73567e271c1b4beb6147e51.jpg,640,640,Income Logo,17,92,282,146
28_jpg.rf.b9a2ce7fe73567e271c1b4beb6147e51.jpg,640,640,Name,13,182,214,242
28_jpg.rf.b9a2ce7fe73567e271c1b4beb6147e51.jpg,640,640,DOB,18,324,145,371
28_jpg.rf.b9a2ce7fe73567e271c1b4beb6147e51.jpg,640,640,Pan Number,19,406,204,461
101_jpg.rf.ab2ced9ca087a92cac5018c456844b42.jpg,640,640,Emblem,305,32,369,174
101_jpg.rf.ab2ced9ca087a92cac5018c456844b42.jpg,640,640,Income Logo,17,106,276,156
101_jpg.rf.ab2ced9ca087a92cac5018c456844b42.jpg,640,640,Name,26,166,213,210
101_jpg.rf.ab2ced9ca087a92cac5018c456844b42.jpg,640,640,DOB,31,338,149,386
101_jpg.rf.ab2ced9ca087a92cac5018c456844b42.jpg,640,640,Pan Number,27,418,187,454
29_jpg.rf.a90426c359f69befeab5d345013be394.jpg,640,640,Emblem,305,30,372,165
29_jpg.rf.a90426c359f69befeab5d345013be394.jpg,640,640,Income Logo,24,100,276,154
29_jpg.rf.a90426c359f69befeab5d345013be394.jpg,640,640,Name,26,372,166,409
29_jpg.rf.a90426c359f69befeab5d345013be394.jpg,640,640,Pan Number,228,280,399,332
29_jpg.rf.a90426c359f69befeab5d345013be394.jpg,640,640,DOB,14,561,143,608
72_jpg.rf.c9737e51230890ce721112f99269cbe0.jpg,640,640,Emblem,325,46,381,162
72_jpg.rf.c9737e51230890ce721112f99269cbe0.jpg,640,640,Pan Number,214,256,367,308
72_jpg.rf.c9737e51230890ce721112f99269cbe0.jpg,640,640,Name,23,340,271,392
72_jpg.rf.c9737e51230890ce721112f99269cbe0.jpg,640,640,DOB,23,570,150,619
72_jpg.rf.c9737e51230890ce721112f99269cbe0.jpg,640,640,Income Logo,46,93,291,147
101_jpg.rf.d13b34eb11a6b3d37af19d96c819f9e7.jpg,640,640,Emblem,305,32,369,174
101_jpg.rf.d13b34eb11a6b3d37af19d96c819f9e7.jpg,640,640,Income Logo,17,106,276,156
101_jpg.rf.d13b34eb11a6b3d37af19d96c819f9e7.jpg,640,640,Name,26,166,213,210
101_jpg.rf.d13b34eb11a6b3d37af19d96c819f9e7.jpg,640,640,DOB,31,338,149,386
101_jpg.rf.d13b34eb11a6b3d37af19d96c819f9e7.jpg,640,640,Pan Number,27,418,187,454
19_jpg.rf.cafa915f571efb7d65b145bd43d0bbde.jpg,640,640,Emblem,327,38,382,167
19_jpg.rf.cafa915f571efb7d65b145bd43d0bbde.jpg,640,640,Pan Number,216,250,371,300
19_jpg.rf.cafa915f571efb7d65b145bd43d0bbde.jpg,640,640,Name,38,349,257,403
19_jpg.rf.cafa915f571efb7d65b145bd43d0bbde.jpg,640,640,DOB,30,576,165,631
19_jpg.rf.cafa915f571efb7d65b145bd43d0bbde.jpg,640,640,Income Logo,48,86,295,141
22_jpg.rf.c43ae0638729648d82d05382d2265ca1.jpg,640,640,Emblem,319,42,383,184
22_jpg.rf.c43ae0638729648d82d05382d2265ca1.jpg,640,640,Income Logo,13,106,287,165
22_jpg.rf.c43ae0638729648d82d05382d2265ca1.jpg,640,640,Name,16,174,202,222
22_jpg.rf.c43ae0638729648d82d05382d2265ca1.jpg,640,640,DOB,24,328,163,384
22_jpg.rf.c43ae0638729648d82d05382d2265ca1.jpg,640,640,Pan Number,30,419,188,474
94_jpg.rf.eb336309c7d89f3a8bdbfc566c7906cf.jpg,640,640,Emblem,309,54,371,195
94_jpg.rf.eb336309c7d89f3a8bdbfc566c7906cf.jpg,640,640,Name,28,184,181,239
94_jpg.rf.eb336309c7d89f3a8bdbfc566c7906cf.jpg,640,640,DOB,31,341,171,385
94_jpg.rf.eb336309c7d89f3a8bdbfc566c7906cf.jpg,640,640,Pan Number,29,435,203,481
94_jpg.rf.eb336309c7d89f3a8bdbfc566c7906cf.jpg,640,640,Income Logo,23,119,274,171
54_jpg.rf.fa0ddf1c7358ba88193d483db5b77c99.jpg,640,640,Name,35,204,316,245
54_jpg.rf.fa0ddf1c7358ba88193d483db5b77c99.jpg,640,640,Emblem,318,47,372,181
54_jpg.rf.fa0ddf1c7358ba88193d483db5b77c99.jpg,640,640,Pan Number,36,435,209,480
54_jpg.rf.fa0ddf1c7358ba88193d483db5b77c99.jpg,640,640,Income Logo,22,98,288,170
54_jpg.rf.fa0ddf1c7358ba88193d483db5b77c99.jpg,640,640,DOB,38,321,168,361
40_jpg.rf.e502fdd0ba027d2b625530c8d1d7636f.jpg,640,640,Income Logo,32,77,286,137
40_jpg.rf.e502fdd0ba027d2b625530c8d1d7636f.jpg,640,640,Emblem,315,9,375,139
40_jpg.rf.e502fdd0ba027d2b625530c8d1d7636f.jpg,640,640,Pan Number,211,240,363,284
40_jpg.rf.e502fdd0ba027d2b625530c8d1d7636f.jpg,640,640,Name,36,365,243,416
40_jpg.rf.e502fdd0ba027d2b625530c8d1d7636f.jpg,640,640,DOB,40,562,168,606
92_jpg.rf.f4810597b5da311e319dd4d58088fea2.jpg,640,640,Emblem,308,33,374,170
92_jpg.rf.f4810597b5da311e319dd4d58088fea2.jpg,640,640,Name,8,183,137,217
92_jpg.rf.f4810597b5da311e319dd4d58088fea2.jpg,640,640,Pan Number,11,441,188,481
92_jpg.rf.f4810597b5da311e319dd4d58088fea2.jpg,640,640,DOB,14,324,154,363
92_jpg.rf.f4810597b5da311e319dd4d58088fea2.jpg,640,640,Income Logo,15,104,267,159
54_jpg.rf.f847aaca328da2cd49ee2d0a2a3cedd1.jpg,640,640,Name,35,204,316,245
54_jpg.rf.f847aaca328da2cd49ee2d0a2a3cedd1.jpg,640,640,Emblem,318,47,372,181
54_jpg.rf.f847aaca328da2cd49ee2d0a2a3cedd1.jpg,640,640,Pan Number,36,435,209,480
54_jpg.rf.f847aaca328da2cd49ee2d0a2a3cedd1.jpg,640,640,Income Logo,22,98,288,170
54_jpg.rf.f847aaca328da2cd49ee2d0a2a3cedd1.jpg,640,640,DOB,38,321,168,361
102_jpg.rf.f71f9a4e08bef336ecde2394857756db.jpg,640,640,Emblem,312,9,371,148
102_jpg.rf.f71f9a4e08bef336ecde2394857756db.jpg,640,640,Income Logo,17,73,274,134
102_jpg.rf.f71f9a4e08bef336ecde2394857756db.jpg,640,640,Name,31,147,253,197
102_jpg.rf.f71f9a4e08bef336ecde2394857756db.jpg,640,640,DOB,33,305,174,356
102_jpg.rf.f71f9a4e08bef336ecde2394857756db.jpg,640,640,Pan Number,29,409,194,459
100_jpg.rf.b0de14c61112f84f6cee7b2c25bb0106.jpg,640,640,Emblem,305,19,390,161
100_jpg.rf.b0de14c61112f84f6cee7b2c25bb0106.jpg,640,640,Name,40,161,171,204
100_jpg.rf.b0de14c61112f84f6cee7b2c25bb0106.jpg,640,640,DOB,43,306,172,356
100_jpg.rf.b0de14c61112f84f6cee7b2c25bb0106.jpg,640,640,Pan Number,36,411,213,455
100_jpg.rf.b0de14c61112f84f6cee7b2c25bb0106.jpg,640,640,Income Logo,13,85,282,152
21_jpg.rf.e2f27ce49d9fdc88e18d7265818fc791.jpg,640,640,Emblem,315,45,374,186
21_jpg.rf.e2f27ce49d9fdc88e18d7265818fc791.jpg,640,640,Income Logo,18,117,286,165
21_jpg.rf.e2f27ce49d9fdc88e18d7265818fc791.jpg,640,640,DOB,23,369,163,405
21_jpg.rf.e2f27ce49d9fdc88e18d7265818fc791.jpg,640,640,Name,35,189,229,237
21_jpg.rf.e2f27ce49d9fdc88e18d7265818fc791.jpg,640,640,Pan Number,27,455,201,508
94_jpg.rf.db5938d22b64301634e0ba7694bbac15.jpg,640,640,Emblem,309,54,371,195
94_jpg.rf.db5938d22b64301634e0ba7694bbac15.jpg,640,640,Name,28,184,181,239
94_jpg.rf.db5938d22b64301634e0ba7694bbac15.jpg,640,640,DOB,31,341,171,385
94_jpg.rf.db5938d22b64301634e0ba7694bbac15.jpg,640,640,Pan Number,29,435,203,481
94_jpg.rf.db5938d22b64301634e0ba7694bbac15.jpg,640,640,Income Logo,23,119,274,171
36_jpg.rf.cff06e8e01416cd650dde7341506047b.jpg,640,640,Emblem,292,20,363,146
36_jpg.rf.cff06e8e01416cd650dde7341506047b.jpg,640,640,Income Logo,21,91,264,153
36_jpg.rf.cff06e8e01416cd650dde7341506047b.jpg,640,640,Name,23,176,193,223
36_jpg.rf.cff06e8e01416cd650dde7341506047b.jpg,640,640,DOB,22,335,149,370
36_jpg.rf.cff06e8e01416cd650dde7341506047b.jpg,640,640,Pan Number,19,415,205,471